0,0,0,sym,0,100,285,595,0.4789915978908539,9,0,0,0,0,0,0,0
1,61,1,123,0,0,0,0,0,,670,12,6,2018,15,20,59
2,66,1,123,0,,,,,,670,12,6,2018,16,7,8
3,74,1,123,0,,,,,,670,12,6,2018,16,7,9
4,54,1,123,1,,,,,,670,12,6,2018,16,7,10
5,50,1,123,1,,,,,,670,12,6,2018,16,7,11
6,54,1,123,1,,,,,,670,12,6,2018,16,7,12
7,40,1,123,0,,,,,,670,12,6,2018,16,7,13
8,44,1,123,0,,,,,,670,12,6,2018,16,7,14
9,40,1,123,1,,,,,,670,12,6,2018,16,7,15
10,41,1,123,1,,,,,,670,12,6,2018,16,7,16
11,53,1,123,1,,,,,,670,12,6,2018,16,7,17
12,80,1,123,1,,,,,,670,12,6,2018,16,7,18
13,93,1,123,1,,,,,,670,12,6,2018,16,7,19
14,97,1,123,1,,,,,,670,12,6,2018,16,7,20
15,100,1,123,1,,,,,,670,12,6,2018,16,7,21
16,93,1,123,0,,,,,,670,12,6,2018,16,7,22
17,64,1,123,0,,,,,,670,12,6,2018,16,7,23
18,47,1,123,0,,,,,,670,12,6,2018,16,7,24
19,63,1,123,0,,,,,,670,12,6,2018,16,7,25
20,87,1,123,0,,,,,,670,12,6,2018,16,7,26
21,100,1,123,0,,,,,,670,12,6,2018,16,7,27
22,100,1,123,0,,,,,,670,12,6,2018,16,7,29
23,84,1,123,1,,,,,,670,12,6,2018,16,7,30
24,94,1,123,1,,,,,,670,12,6,2018,16,7,31
25,93,1,123,0,,,,,,670,12,6,2018,16,7,32
26,74,1,123,1,,,,,,670,12,6,2018,16,7,33
27,77,1,123,1,,,,,,670,12,6,2018,16,7,34
28,69,1,123,0,,,,,,670,12,6,2018,16,7,35
29,67,1,123,1,,,,,,670,12,6,2018,16,7,36
30,93,1,123,1,,,,,,670,12,6,2018,16,7,37
31,96,1,123,1,,,,,,670,12,6,2018,16,7,38
32,91,1,123,0,,,,,,670,12,6,2018,16,7,39
33,91,1,123,0,,,,,,670,12,6,2018,16,7,40
34,87,1,123,0,,,,,,670,12,6,2018,16,7,41
35,84,1,123,1,,,,,,670,12,6,2018,16,7,42
36,78,1,123,1,,,,,,670,12,6,2018,16,7,43
37,84,1,123,1,,,,,,670,12,6,2018,16,7,44
38,67,1,123,1,,,,,,670,12,6,2018,16,7,45
39,56,1,123,1,,,,,,670,12,6,2018,16,7,46
40,77,1,123,1,,,,,,670,12,6,2018,16,7,47
41,75,1,123,1,,,,,,670,12,6,2018,16,7,48
42,87,1,123,1,,,,,,670,12,6,2018,16,7,49
43,66,1,123,1,,,,,,670,12,6,2018,16,7,50
44,54,1,123,1,,,,,,670,12,6,2018,16,7,51
45,47,1,123,0,,,,,,670,12,6,2018,16,7,52
46,48,1,123,0,,,,,,670,12,6,2018,16,7,53
47,43,1,123,1,,,,,,670,12,6,2018,16,7,55
48,51,1,123,1,,,,,,670,12,6,2018,16,7,56
49,48,1,123,1,,,,,,670,12,6,2018,16,7,57
50,43,1,123,0,,,,,,670,12,6,2018,16,7,58
51,54,1,123,0,,,,,,670,12,6,2018,16,7,59
52,51,1,123,0,,,,,,670,12,6,2018,16,8,0
53,69,1,123,0,,,,,,670,12,6,2018,16,8,1
54,53,1,123,1,,,,,,670,12,6,2018,16,8,2
55,35,1,123,1,,,,,,670,12,6,2018,16,8,3
56,43,1,123,1,,,,,,670,12,6,2018,16,8,4
57,38,1,123,1,,,,,,670,12,6,2018,16,8,5
58,44,1,123,1,,,,,,670,12,6,2018,16,8,6
59,63,1,123,1,,,,,,670,12,6,2018,16,8,7
60,57,1,123,0,,,,,,670,12,6,2018,16,8,8
61,54,1,123,1,,,,,,670,12,6,2018,16,8,9
62,61,1,123,1,,,,,,670,12,6,2018,16,8,10
63,57,1,123,1,,,,,,670,12,6,2018,16,8,11
64,64,1,123,1,,,,,,670,12,6,2018,16,8,12
65,63,1,123,1,,,,,,670,12,6,2018,16,8,13
66,47,1,123,0,,,,,,670,12,6,2018,16,8,14
67,44,1,123,1,,,,,,670,12,6,2018,16,8,15
68,41,1,123,1,,,,,,670,12,6,2018,16,8,16
69,41,1,123,1,,,,,,670,12,6,2018,16,8,17
70,47,1,123,1,,,,,,670,12,6,2018,16,8,18
71,41,1,123,0,,,,,,670,12,6,2018,16,8,19
72,48,1,123,0,,,,,,670,12,6,2018,16,8,21
73,44,1,123,1,,,,,,670,12,6,2018,16,8,22
74,51,1,123,1,,,,,,670,12,6,2018,16,8,23
75,47,1,123,0,,,,,,670,12,6,2018,16,8,24
76,34,1,123,0,,,,,,670,12,6,2018,16,8,25
77,37,1,123,0,,,,,,670,12,6,2018,16,8,26
78,43,1,123,0,,,,,,670,12,6,2018,16,8,27
79,43,1,123,0,,,,,,670,12,6,2018,16,8,28
80,48,1,123,0,,,,,,670,12,6,2018,16,8,29
81,40,1,123,0,,,,,,670,12,6,2018,16,8,30
82,34,1,123,1,,,,,,670,12,6,2018,16,8,31
83,30,1,123,0,,,,,,670,12,6,2018,16,8,32
84,38,1,123,0,,,,,,670,12,6,2018,16,8,33
85,64,2,123,0,,,,,,670,12,6,2018,16,8,34
86,75,2,123,0,,,,,,670,12,6,2018,16,8,35
87,77,2,123,0,,,,,,670,12,6,2018,16,8,36
88,63,2,123,0,,,,,,670,12,6,2018,16,8,38
89,67,2,123,0,,,,,,670,12,6,2018,16,8,39
90,57,2,123,0,,,,,,670,12,6,2018,16,8,40
91,60,2,123,0,,,,,,670,12,6,2018,16,8,41
92,54,2,123,0,,,,,,670,12,6,2018,16,8,42
93,47,2,123,0,,,,,,670,12,6,2018,16,8,43
94,56,2,123,0,,,,,,670,12,6,2018,16,8,44
95,56,2,123,0,,,,,,670,12,6,2018,16,8,45
96,74,2,123,0,,,,,,670,12,6,2018,16,8,46
97,80,2,123,0,,,,,,670,12,6,2018,16,8,47
98,78,2,123,0,,,,,,670,12,6,2018,16,8,48
99,54,2,123,1,,,,,,670,12,6,2018,16,8,49
100,48,2,123,0,,,,,,670,12,6,2018,16,8,50
101,48,2,123,0,,,,,,670,12,6,2018,16,8,51
102,50,2,123,0,,,,,,670,12,6,2018,16,8,52
103,44,2,123,1,,,,,,670,12,6,2018,16,8,53
104,51,2,123,1,,,,,,670,12,6,2018,16,8,54
105,48,2,123,0,,,,,,670,12,6,2018,16,8,55
106,47,2,123,1,,,,,,670,12,6,2018,16,8,56
107,48,2,123,1,,,,,,670,12,6,2018,16,8,57
108,44,2,123,0,,,,,,670,12,6,2018,16,8,59
109,41,2,123,0,,,,,,670,12,6,2018,16,9,0
110,50,2,123,0,,,,,,670,12,6,2018,16,9,1
111,60,2,123,0,,,,,,670,12,6,2018,16,9,2
112,64,2,123,0,,,,,,670,12,6,2018,16,9,3
113,64,2,123,0,134,123,645,0.19069766998291016,6,670,12,6,2018,16,9,4
114,50,2,123,0,,,,,,670,12,6,2018,16,9,5
115,47,2,132,1,,,,,,670,12,6,2018,16,9,6
116,47,3,132,1,,,,,,670,12,6,2018,16,9,7
117,61,3,132,1,,,,,,670,12,6,2018,16,9,8
118,38,3,132,0,,,,,,670,12,6,2018,16,9,9
119,38,3,132,0,,,,,,670,12,6,2018,16,9,10
120,24,3,132,1,,,,,,670,12,6,2018,16,9,11
121,20,3,132,1,,,,,,670,12,6,2018,16,9,13
122,34,3,132,1,,,,,,670,12,6,2018,16,9,14
123,35,3,132,1,,,,,,670,12,6,2018,16,9,15
124,57,3,132,1,,,,,,670,12,6,2018,16,9,16
125,44,3,132,0,,,,,,670,12,6,2018,16,9,17
126,40,3,132,1,,,,,,670,12,6,2018,16,9,18
127,27,3,132,0,,,,,,670,12,6,2018,16,9,19
128,21,3,132,0,,,,,,670,12,6,2018,16,9,20
129,38,3,132,0,,,,,,670,12,6,2018,16,9,21
130,44,3,132,0,,,,,,670,12,6,2018,16,9,22
131,38,3,132,1,,,,,,670,12,6,2018,16,9,23
132,41,3,132,1,,,,,,670,12,6,2018,16,9,24
133,35,3,132,1,,,,,,670,12,6,2018,16,9,25
134,26,3,132,0,,,,,,670,12,6,2018,16,9,26
135,41,3,132,0,,,,,,670,12,6,2018,16,9,27
136,48,3,132,0,,,,,,670,12,6,2018,16,9,28
137,50,3,132,0,,,,,,670,12,6,2018,16,9,29
138,74,3,132,0,,,,,,670,12,6,2018,16,9,30
139,74,3,132,0,,,,,,670,12,6,2018,16,9,31
140,70,3,132,1,,,,,,670,12,6,2018,16,9,32
141,69,3,132,0,,,,,,670,12,6,2018,16,9,33
142,54,3,132,0,,,,,,670,12,6,2018,16,9,35
143,63,3,132,0,,,,,,670,12,6,2018,16,9,36
144,64,3,132,0,,,,,,670,12,6,2018,16,9,37
145,53,3,132,1,,,,,,670,12,6,2018,16,9,38
146,54,3,132,1,,,,,,670,12,6,2018,16,9,39
147,48,3,132,1,,,,,,670,12,6,2018,16,9,40
148,40,3,132,0,,,,,,670,12,6,2018,16,9,41
149,61,3,132,0,,,,,,670,12,6,2018,16,9,42
150,47,3,132,1,,,,,,670,12,6,2018,16,9,43
151,50,3,132,1,,,,,,670,12,6,2018,16,9,44
152,44,3,132,0,,,,,,670,12,6,2018,16,9,45
153,40,3,132,1,,,,,,670,12,6,2018,16,9,46
154,48,3,132,1,,,,,,670,12,6,2018,16,9,47
155,40,3,132,1,,,,,,670,12,6,2018,16,9,48
156,43,3,132,1,,,,,,670,12,6,2018,16,9,49
157,50,3,132,1,,,,,,670,12,6,2018,16,9,50
158,47,3,132,1,,,,,,670,12,6,2018,16,9,51
159,48,3,132,1,,,,,,670,12,6,2018,16,9,52
160,54,3,132,1,,,,,,670,12,6,2018,16,9,53
161,66,3,132,1,,,,,,670,12,6,2018,16,9,54
162,63,3,132,0,,,,,,670,12,6,2018,16,9,55
163,66,3,132,0,,,,,,670,12,6,2018,16,9,57
164,60,3,132,0,,,,,,670,12,6,2018,16,9,58
165,51,3,132,0,,,,,,670,12,6,2018,16,9,59
166,54,3,132,0,,,,,,670,12,6,2018,16,10,0
167,43,3,132,0,,,,,,670,12,6,2018,16,10,1
168,50,3,132,0,,,,,,670,12,6,2018,16,10,2
169,37,3,132,1,,,,,,670,12,6,2018,16,10,3
170,47,3,132,1,,,,,,670,12,6,2018,16,10,4
171,35,3,132,1,,,,,,670,12,6,2018,16,10,5
172,35,3,132,1,,,,,,670,12,6,2018,16,10,6
173,50,3,132,1,,,,,,670,12,6,2018,16,10,7
174,43,3,132,1,,,,,,670,12,6,2018,16,10,8
175,54,3,132,1,,,,,,670,12,6,2018,16,10,9
176,51,3,132,0,,,,,,670,12,6,2018,16,10,10
177,40,3,132,0,,,,,,670,12,6,2018,16,10,11
178,53,3,132,0,,,,,,670,12,6,2018,16,10,12
179,53,3,132,0,,,,,,670,12,6,2018,16,10,13
180,44,3,132,0,,,,,,670,12,6,2018,16,10,14
181,74,3,132,0,,,,,,670,12,6,2018,16,10,15
182,61,3,132,0,,,,,,670,12,6,2018,16,10,16
183,57,3,132,1,,,,,,670,12,6,2018,16,10,17
184,69,3,132,1,,,,,,670,12,6,2018,16,10,18
185,53,3,132,1,,,,,,670,12,6,2018,16,10,19
186,57,3,132,1,,,,,,670,12,6,2018,16,10,21
187,53,3,132,0,,,,,,670,12,6,2018,16,10,22
188,47,3,132,0,,,,,,670,12,6,2018,16,10,23
189,35,3,132,1,,,,,,670,12,6,2018,16,10,24
190,43,3,132,1,,,,,,670,12,6,2018,16,10,25
191,47,3,132,1,,,,,,670,12,6,2018,16,10,26
192,56,3,132,1,,,,,,670,12,6,2018,16,10,27
193,44,3,132,0,,,,,,670,12,6,2018,16,10,28
194,17,3,132,1,,,,,,670,12,6,2018,16,10,29
195,29,3,132,1,,,,,,670,12,6,2018,16,10,30
196,24,3,132,0,,,,,,670,12,6,2018,16,10,31
197,27,3,132,0,,,,,,670,12,6,2018,16,10,32
198,44,3,132,0,,,,,,670,12,6,2018,16,10,33
199,54,3,132,0,,,,,,670,12,6,2018,16,10,34
200,60,3,132,0,,,,,,670,12,6,2018,16,10,35
201,54,3,132,0,,,,,,670,12,6,2018,16,10,36
202,61,3,132,0,,,,,,670,12,6,2018,16,10,37
203,51,3,132,0,,,,,,670,12,6,2018,16,10,38
204,34,3,132,1,,,,,,670,12,6,2018,16,10,39
205,43,3,132,1,,,,,,670,12,6,2018,16,10,40
206,21,3,132,0,,,,,,670,12,6,2018,16,10,41
207,26,3,132,0,,,,,,670,12,6,2018,16,10,42
208,48,3,132,0,,,,,,670,12,6,2018,16,10,43
209,29,3,132,0,,,,,,670,12,6,2018,16,10,44
210,38,3,132,0,,,,,,670,12,6,2018,16,10,45
211,38,3,132,0,,,,,,670,12,6,2018,16,10,47
212,34,3,132,1,,,,,,670,12,6,2018,16,10,48
213,51,3,132,1,,,,,,670,12,6,2018,16,10,49
214,54,3,132,1,,,,,,670,12,6,2018,16,10,50
215,43,3,132,1,,,,,,670,12,6,2018,16,10,51
216,40,3,132,0,,,,,,670,12,6,2018,16,10,52
217,41,3,132,0,,,,,,670,12,6,2018,16,10,53
218,40,3,132,1,,,,,,670,12,6,2018,16,10,54
219,51,3,132,1,,,,,,670,12,6,2018,16,10,55
220,48,3,132,0,,,,,,670,12,6,2018,16,10,56
221,61,3,132,0,,,,,,670,12,6,2018,16,10,57
222,54,3,132,1,,,,,,670,12,6,2018,16,10,58
223,50,3,132,0,,,,,,670,12,6,2018,16,10,59
224,48,3,132,0,,,,,,670,12,6,2018,16,11,0
225,43,3,132,1,90,1371,1487,0.9219905734062195,32,670,12,6,2018,16,11,1
226,54,3,231,1,,,,,,670,12,6,2018,16,11,2
227,57,4,231,1,,,,,,670,12,6,2018,16,11,3
228,64,4,231,1,,,,,,670,12,6,2018,16,11,4
229,67,4,231,1,,,,,,670,12,6,2018,16,11,5
230,69,4,231,1,,,,,,670,12,6,2018,16,11,6
231,70,4,231,1,,,,,,670,12,6,2018,16,11,7
232,50,4,231,1,,,,,,670,12,6,2018,16,11,9
233,30,4,231,0,,,,,,670,12,6,2018,16,11,10
234,21,4,231,0,,,,,,670,12,6,2018,16,11,11
235,30,4,231,0,,,,,,670,12,6,2018,16,11,12
236,35,4,231,0,,,,,,670,12,6,2018,16,11,13
237,48,4,231,0,,,,,,670,12,6,2018,16,11,14
238,53,4,231,0,,,,,,670,12,6,2018,16,11,15
239,38,4,231,0,,,,,,670,12,6,2018,16,11,16
240,34,4,231,0,,,,,,670,12,6,2018,16,11,17
241,40,4,231,0,,,,,,670,12,6,2018,16,11,18
242,37,4,231,1,,,,,,670,12,6,2018,16,11,19
243,48,4,231,1,,,,,,670,12,6,2018,16,11,20
244,66,4,231,1,,,,,,670,12,6,2018,16,11,21
245,63,4,231,0,,,,,,670,12,6,2018,16,11,22
246,80,4,231,0,,,,,,670,12,6,2018,16,11,23
247,74,4,231,0,,,,,,670,12,6,2018,16,11,24
248,61,4,231,1,,,,,,670,12,6,2018,16,11,25
249,61,4,231,1,,,,,,670,12,6,2018,16,11,26
250,56,4,231,0,,,,,,670,12,6,2018,16,11,27
251,53,4,231,0,,,,,,670,12,6,2018,16,11,28
252,67,4,231,0,,,,,,670,12,6,2018,16,11,29
253,67,4,231,0,,,,,,670,12,6,2018,16,11,30
254,67,4,231,0,,,,,,670,12,6,2018,16,11,32
255,66,4,231,1,,,,,,670,12,6,2018,16,11,33
256,70,4,231,1,,,,,,670,12,6,2018,16,11,34
257,64,4,231,0,,,,,,670,12,6,2018,16,11,35
258,78,4,231,0,,,,,,670,12,6,2018,16,11,36
259,67,4,231,0,,,,,,670,12,6,2018,16,11,37
260,57,4,231,1,,,,,,670,12,6,2018,16,11,38
261,57,4,231,1,,,,,,670,12,6,2018,16,11,39
262,53,4,231,0,,,,,,670,12,6,2018,16,11,40
263,41,4,231,0,,,,,,670,12,6,2018,16,11,41
264,47,4,231,0,102,391,583,0.6706689596176147,10,670,12,6,2018,16,11,42
265,41,4,213,1,,,,,,670,12,6,2018,16,11,43
266,38,5,213,1,,,,,,670,12,6,2018,16,11,44
267,50,5,213,1,,,,,,670,12,6,2018,16,11,45
268,53,5,213,1,,,,,,670,12,6,2018,16,11,46
269,54,5,213,1,,,,,,670,12,6,2018,16,11,47
270,57,5,213,1,,,,,,670,12,6,2018,16,11,48
271,66,5,213,1,,,,,,670,12,6,2018,16,11,49
272,50,5,213,0,,,,,,670,12,6,2018,16,11,50
273,47,5,213,0,,,,,,670,12,6,2018,16,11,51
274,40,5,213,0,,,,,,670,12,6,2018,16,11,52
275,50,5,213,0,,,,,,670,12,6,2018,16,11,53
276,43,5,213,1,,,,,,670,12,6,2018,16,11,55
277,66,5,213,1,,,,,,670,12,6,2018,16,11,56
278,64,5,213,1,,,,,,670,12,6,2018,16,11,57
279,57,5,213,0,,,,,,670,12,6,2018,16,11,58
280,43,5,213,1,,,,,,670,12,6,2018,16,11,59
281,30,5,213,0,,,,,,670,12,6,2018,16,12,0
282,20,5,213,0,,,,,,670,12,6,2018,16,12,1
283,34,5,213,0,,,,,,670,12,6,2018,16,12,2
284,48,5,213,0,,,,,,670,12,6,2018,16,12,3
285,48,5,213,0,,,,,,670,12,6,2018,16,12,4
286,77,5,213,0,,,,,,670,12,6,2018,16,12,5
287,69,5,213,0,85,260,318,0.8176100850105286,7,670,12,6,2018,16,12,6
288,69,5,213,0,,,,,,670,12,6,2018,16,12,7
289,70,6,312,0,,,,,,670,12,6,2018,16,12,8
290,56,6,312,1,,,,,,670,12,6,2018,16,12,9
291,54,6,312,0,,,,,,670,12,6,2018,16,12,10
292,57,6,312,0,,,,,,670,12,6,2018,16,12,11
293,74,6,312,0,,,,,,670,12,6,2018,16,12,12
294,66,6,312,0,,,,,,670,12,6,2018,16,12,14
295,78,6,312,0,,,,,,670,12,6,2018,16,12,15
296,63,6,312,1,,,,,,670,12,6,2018,16,12,16
297,57,6,312,1,,,,,,670,12,6,2018,16,12,17
298,56,6,312,0,,,,,,670,12,6,2018,16,12,18
299,56,6,312,0,,,,,,670,12,6,2018,16,12,19
300,74,6,312,0,,,,,,670,12,6,2018,16,12,20
301,63,6,312,0,,,,,,670,12,6,2018,16,12,21
302,63,6,312,0,,,,,,670,12,6,2018,16,12,22
303,53,6,312,1,,,,,,670,12,6,2018,16,12,23
304,50,6,312,1,,,,,,670,12,6,2018,16,12,24
305,56,6,312,1,,,,,,670,12,6,2018,16,12,25
306,67,6,312,1,,,,,,670,12,6,2018,16,12,26
307,66,6,312,1,,,,,,670,12,6,2018,16,12,27
308,69,6,312,1,,,,,,670,12,6,2018,16,12,28
309,67,6,312,0,,,,,,670,12,6,2018,16,12,29
310,56,6,312,1,,,,,,670,12,6,2018,16,12,30
311,63,6,312,1,,,,,,670,12,6,2018,16,12,31
312,78,6,312,1,,,,,,670,12,6,2018,16,12,32
313,88,6,312,1,,,,,,670,12,6,2018,16,12,33
314,80,6,312,0,,,,,,670,12,6,2018,16,12,34
315,67,6,312,0,,,,,,670,12,6,2018,16,12,35
316,60,6,312,1,,,,,,670,12,6,2018,16,12,36
317,47,6,312,0,,,,,,670,12,6,2018,16,12,37
318,48,6,312,0,,,,,,670,12,6,2018,16,12,38
319,48,6,312,0,,,,,,670,12,6,2018,16,12,40
320,51,6,312,0,,,,,,670,12,6,2018,16,12,41
321,63,6,312,0,,,,,,670,12,6,2018,16,12,42
322,74,6,312,0,,,,,,670,12,6,2018,16,12,43
323,51,6,312,0,,,,,,670,12,6,2018,16,12,44
324,40,6,312,0,,,,,,670,12,6,2018,16,12,45
325,21,6,312,1,,,,,,670,12,6,2018,16,12,46
326,21,6,312,1,,,,,,670,12,6,2018,16,12,47
327,43,6,312,1,,,,,,670,12,6,2018,16,12,48
328,53,6,312,1,,,,,,670,12,6,2018,16,12,49
329,69,6,312,1,,,,,,670,12,6,2018,16,12,50
330,67,6,312,1,,,,,,670,12,6,2018,16,12,51
331,74,6,312,1,,,,,,670,12,6,2018,16,12,52
332,80,6,312,1,,,,,,670,12,6,2018,16,12,53
333,75,6,312,1,,,,,,670,12,6,2018,16,12,54
334,75,6,312,1,,,,,,670,12,6,2018,16,12,55
335,69,6,312,0,,,,,,670,12,6,2018,16,12,56
336,64,6,312,0,,,,,,670,12,6,2018,16,12,57
337,54,6,312,0,,,,,,670,12,6,2018,16,12,58
338,60,6,312,0,,,,,,670,12,6,2018,16,12,59
339,69,6,312,0,,,,,,670,12,6,2018,16,13,0
340,77,6,312,0,,,,,,670,12,6,2018,16,13,1
341,88,6,312,0,,,,,,670,12,6,2018,16,13,2
342,75,6,312,1,,,,,,670,12,6,2018,16,13,3
343,64,6,312,1,,,,,,670,12,6,2018,16,13,4
344,50,6,312,0,,,,,,670,12,6,2018,16,13,6
345,44,6,312,0,,,,,,670,12,6,2018,16,13,7
346,48,6,312,0,,,,,,670,12,6,2018,16,13,8
347,51,6,312,0,,,,,,670,12,6,2018,16,13,9
348,60,6,312,0,,,,,,670,12,6,2018,16,13,10
349,64,6,312,0,,,,,,670,12,6,2018,16,13,11
350,66,6,312,0,,,,,,670,12,6,2018,16,13,12
351,57,6,312,0,,,,,,670,12,6,2018,16,13,13
352,61,6,312,1,,,,,,670,12,6,2018,16,13,14
353,48,6,312,1,,,,,,670,12,6,2018,16,13,15
354,30,6,312,0,,,,,,670,12,6,2018,16,13,16
355,34,6,312,0,,,,,,670,12,6,2018,16,13,17
356,21,6,312,1,,,,,,670,12,6,2018,16,13,18
357,27,6,312,1,,,,,,670,12,6,2018,16,13,19
358,48,6,312,1,,,,,,670,12,6,2018,16,13,20
359,61,6,312,1,,,,,,670,12,6,2018,16,13,21
360,69,6,312,1,,,,,,670,12,6,2018,16,13,22
361,87,6,312,1,,,,,,670,12,6,2018,16,13,23
362,88,6,312,1,,,,,,670,12,6,2018,16,13,25
363,78,6,312,0,,,,,,670,12,6,2018,16,13,26
364,66,6,312,0,,,,,,670,12,6,2018,16,13,27
365,61,6,312,1,,,,,,670,12,6,2018,16,13,28
366,43,6,312,0,,,,,,670,12,6,2018,16,13,29
367,40,6,312,0,,,,,,670,12,6,2018,16,13,30
368,50,6,312,0,,,,,,670,12,6,2018,16,13,31
369,51,6,312,0,,,,,,670,12,6,2018,16,13,32
370,69,6,312,0,,,,,,670,12,6,2018,16,13,33
371,80,6,312,0,,,,,,670,12,6,2018,16,13,34
372,78,6,312,1,,,,,,670,12,6,2018,16,13,35
373,77,6,312,0,,,,,,670,12,6,2018,16,13,36
374,69,6,312,1,,,,,,670,12,6,2018,16,13,37
375,64,6,312,0,,,,,,670,12,6,2018,16,13,38
376,69,6,312,0,,,,,,670,12,6,2018,16,13,39
377,67,6,312,1,,,,,,670,12,6,2018,16,13,40
378,69,6,312,1,94,1090,1234,0.8833063244819641,25,670,12,6,2018,16,13,41
379,75,6,213,1,,,,,,670,12,6,2018,16,13,42
380,54,7,213,0,,,,,,670,12,6,2018,16,13,43
381,56,7,213,0,,,,,,670,12,6,2018,16,13,45
382,50,7,213,0,,,,,,670,12,6,2018,16,13,46
383,50,7,213,0,,,,,,670,12,6,2018,16,13,47
384,56,7,213,0,,,,,,670,12,6,2018,16,13,48
385,60,7,213,0,,,,,,670,12,6,2018,16,13,49
386,64,7,213,0,,,,,,670,12,6,2018,16,13,50
387,56,7,213,1,,,,,,670,12,6,2018,16,13,51
388,63,7,213,1,,,,,,670,12,6,2018,16,13,52
389,61,7,213,0,,,,,,670,12,6,2018,16,13,53
390,54,7,213,0,,,,,,670,12,6,2018,16,13,54
391,64,7,213,0,,,,,,670,12,6,2018,16,13,55
392,64,7,213,0,,,,,,670,12,6,2018,16,13,56
393,64,7,213,0,,,,,,670,12,6,2018,16,13,57
394,57,7,213,0,,,,,,670,12,6,2018,16,13,58
395,61,7,213,0,,,,,,670,12,6,2018,16,13,59
396,57,7,213,1,,,,,,670,12,6,2018,16,14,0
397,57,7,213,1,,,,,,670,12,6,2018,16,14,1
398,57,7,213,1,,,,,,670,12,6,2018,16,14,2
399,50,7,213,0,,,,,,670,12,6,2018,16,14,3
400,60,7,213,0,,,,,,670,12,6,2018,16,14,4
401,63,7,213,0,,,,,,670,12,6,2018,16,14,5
402,63,7,213,0,,,,,,670,12,6,2018,16,14,6
403,66,7,213,0,,,,,,670,12,6,2018,16,14,7
404,60,7,213,1,,,,,,670,12,6,2018,16,14,8
405,64,7,213,1,,,,,,670,12,6,2018,16,14,10
406,51,7,213,1,,,,,,670,12,6,2018,16,14,11
407,54,7,213,1,,,,,,670,12,6,2018,16,14,12
408,47,7,213,1,,,,,,670,12,6,2018,16,14,13
409,37,7,213,1,,,,,,670,12,6,2018,16,14,14
410,54,7,213,1,,,,,,670,12,6,2018,16,14,15
411,64,7,213,1,,,,,,670,12,6,2018,16,14,16
412,66,7,213,1,,,,,,670,12,6,2018,16,14,17
413,60,7,213,1,,,,,,670,12,6,2018,16,14,18
414,53,7,213,0,,,,,,670,12,6,2018,16,14,19
415,40,7,213,1,,,,,,670,12,6,2018,16,14,20
416,53,7,213,1,,,,,,670,12,6,2018,16,14,21
417,54,7,213,1,,,,,,670,12,6,2018,16,14,22
418,51,7,213,0,,,,,,670,12,6,2018,16,14,23
419,69,7,213,0,130,449,575,0.7808695435523987,8,670,12,6,2018,16,14,24
420,67,7,312,1,,,,,,670,12,6,2018,16,14,25
421,74,8,312,1,,,,,,670,12,6,2018,16,14,26
422,60,8,312,1,,,,,,670,12,6,2018,16,14,27
423,66,8,312,1,,,,,,670,12,6,2018,16,14,28
424,63,8,312,0,,,,,,670,12,6,2018,16,14,30
425,67,8,312,0,,,,,,670,12,6,2018,16,14,31
426,80,8,312,0,,,,,,670,12,6,2018,16,14,32
427,77,8,312,1,,,,,,670,12,6,2018,16,14,33
428,75,8,312,1,,,,,,670,12,6,2018,16,14,34
429,74,8,312,0,,,,,,670,12,6,2018,16,14,35
430,77,8,312,0,,,,,,670,12,6,2018,16,14,36
431,67,8,312,1,,,,,,670,12,6,2018,16,14,37
432,54,8,312,1,,,,,,670,12,6,2018,16,14,38
433,53,8,312,0,,,,,,670,12,6,2018,16,14,39
434,69,8,312,0,,,,,,670,12,6,2018,16,14,40
435,53,8,312,0,,,,,,670,12,6,2018,16,14,41
436,54,8,312,0,,,,,,670,12,6,2018,16,14,42
437,57,8,312,0,,,,,,670,12,6,2018,16,14,43
438,56,8,312,1,,,,,,670,12,6,2018,16,14,44
439,63,8,312,1,,,,,,670,12,6,2018,16,14,45
440,70,8,312,1,,,,,,670,12,6,2018,16,14,46
441,67,8,312,1,,,,,,670,12,6,2018,16,14,47
442,64,8,312,1,,,,,,670,12,6,2018,16,14,48
443,84,8,312,1,,,,,,670,12,6,2018,16,14,49
444,81,8,312,1,,,,,,670,12,6,2018,16,14,50
445,81,8,312,1,,,,,,670,12,6,2018,16,14,51
446,81,8,312,1,,,,,,670,12,6,2018,16,14,52
447,74,8,312,1,,,,,,670,12,6,2018,16,14,53
448,75,8,312,1,,,,,,670,12,6,2018,16,14,54
449,83,8,312,1,,,,,,670,12,6,2018,16,14,56
450,84,8,312,1,,,,,,670,12,6,2018,16,14,57
451,87,8,312,1,,,,,,670,12,6,2018,16,14,58
452,87,8,312,1,,,,,,670,12,6,2018,16,14,59
453,84,8,312,0,,,,,,670,12,6,2018,16,15,0
454,88,8,312,0,,,,,,670,12,6,2018,16,15,1
455,81,8,312,1,,,,,,670,12,6,2018,16,15,2
456,77,8,312,1,,,,,,670,12,6,2018,16,15,3
457,77,8,312,1,,,,,,670,12,6,2018,16,15,4
458,70,8,312,1,,,,,,670,12,6,2018,16,15,5
459,84,8,312,1,,,,,,670,12,6,2018,16,15,6
460,87,8,312,1,,,,,,670,12,6,2018,16,15,7
461,83,8,312,1,,,,,,670,12,6,2018,16,15,8
462,81,8,312,0,,,,,,670,12,6,2018,16,15,9
463,74,8,312,1,,,,,,670,12,6,2018,16,15,10
464,74,8,312,1,,,,,,670,12,6,2018,16,15,11
465,56,8,312,1,,,,,,670,12,6,2018,16,15,12
466,57,8,312,1,,,,,,670,12,6,2018,16,15,13
467,57,8,312,1,,,,,,670,12,6,2018,16,15,14
468,61,8,312,1,,,,,,670,12,6,2018,16,15,15
469,83,8,312,1,,,,,,670,12,6,2018,16,15,16
470,77,8,312,1,,,,,,670,12,6,2018,16,15,17
471,77,8,312,1,,,,,,670,12,6,2018,16,15,18
472,74,8,312,0,115,992,374,2.6524064540863037,12,670,12,6,2018,16,15,19
473,69,8,132,1,,,,,,670,12,6,2018,16,15,21
474,80,9,132,1,,,,,,670,12,6,2018,16,15,22
475,63,9,132,0,,,,,,670,12,6,2018,16,15,23
476,53,9,132,1,,,,,,670,12,6,2018,16,15,24
477,47,9,132,1,,,,,,670,12,6,2018,16,15,25
478,40,9,132,0,,,,,,670,12,6,2018,16,15,26
479,54,9,132,0,,,,,,670,12,6,2018,16,15,27
480,56,9,132,0,,,,,,670,12,6,2018,16,15,28
481,57,9,132,0,,,,,,670,12,6,2018,16,15,29
482,61,9,132,0,,,,,,670,12,6,2018,16,15,30
483,61,9,132,0,,,,,,670,12,6,2018,16,15,31
484,69,9,132,0,,,,,,670,12,6,2018,16,15,32
485,81,9,132,0,,,,,,670,12,6,2018,16,15,33
486,81,9,132,0,,,,,,670,12,6,2018,16,15,34
487,83,9,132,0,,,,,,670,12,6,2018,16,15,35
488,70,9,132,1,,,,,,670,12,6,2018,16,15,36
489,54,9,132,1,,,,,,670,12,6,2018,16,15,37
490,53,9,132,1,,,,,,670,12,6,2018,16,15,38
491,44,9,132,0,,,,,,670,12,6,2018,16,15,39
492,61,9,132,0,,,,,,670,12,6,2018,16,15,40
493,74,9,132,0,,,,,,670,12,6,2018,16,15,41
494,93,9,132,0,,,,,,670,12,6,2018,16,15,43
495,97,9,132,0,,,,,,670,12,6,2018,16,15,44
496,81,9,132,0,,,,,,670,12,6,2018,16,15,45
497,69,9,132,1,,,,,,670,12,6,2018,16,15,46
498,69,9,132,1,,,,,,670,12,6,2018,16,15,47
499,54,9,132,1,,,,,,670,12,6,2018,16,15,48
500,70,9,132,1,,,,,,670,12,6,2018,16,15,49
501,57,9,132,0,,,,,,670,12,6,2018,16,15,50
502,67,9,132,0,,,,,,670,12,6,2018,16,15,51
503,81,9,132,0,,,,,,670,12,6,2018,16,15,52
504,74,9,132,1,,,,,,670,12,6,2018,16,15,53
505,81,9,132,1,,,,,,670,12,6,2018,16,15,54
506,77,9,132,0,,,,,,670,12,6,2018,16,15,55
507,66,9,132,0,,,,,,670,12,6,2018,16,15,56
508,66,9,132,0,,,,,,670,12,6,2018,16,15,57
509,70,9,132,0,,,,,,670,12,6,2018,16,15,58
510,60,9,132,0,,,,,,670,12,6,2018,16,15,59
511,54,9,132,1,,,,,,670,12,6,2018,16,16,0
512,53,9,132,1,,,,,,670,12,6,2018,16,16,1
513,43,9,132,1,,,,,,670,12,6,2018,16,16,2
514,38,9,132,0,,,,,,670,12,6,2018,16,16,3
515,29,9,132,1,,,,,,670,12,6,2018,16,16,4
516,30,9,132,1,,,,,,670,12,6,2018,16,16,5
517,41,9,132,1,,,,,,670,12,6,2018,16,16,6
518,78,9,132,1,,,,,,670,12,6,2018,16,16,7
519,88,9,132,1,,,,,,670,12,6,2018,16,16,9
520,100,9,132,1,,,,,,670,12,6,2018,16,16,10
521,93,9,132,0,,,,,,670,12,6,2018,16,16,11
522,87,9,132,1,,,,,,670,12,6,2018,16,16,12
523,88,9,132,1,,,,,,670,12,6,2018,16,16,13
524,75,9,132,0,,,,,,670,12,6,2018,16,16,14
525,87,9,132,0,,,,,,670,12,6,2018,16,16,15
526,96,9,132,0,,,,,,670,12,6,2018,16,16,16
527,80,9,132,1,,,,,,670,12,6,2018,16,16,17
528,93,9,132,1,,,,,,670,12,6,2018,16,16,18
529,84,9,132,0,,,,,,670,12,6,2018,16,16,19
530,81,9,132,1,,,,,,670,12,6,2018,16,16,20
531,94,9,132,1,,,,,,670,12,6,2018,16,16,21
532,83,9,132,0,,,,,,670,12,6,2018,16,16,22
533,77,9,132,0,,,,,,670,12,6,2018,16,16,23
534,70,9,132,0,,,,,,670,12,6,2018,16,16,24
535,66,9,132,1,,,,,,670,12,6,2018,16,16,25
536,60,9,132,1,,,,,,670,12,6,2018,16,16,26
537,66,9,132,1,,,,,,670,12,6,2018,16,16,27
538,80,9,132,1,,,,,,670,12,6,2018,16,16,28
539,81,9,132,1,,,,,,670,12,6,2018,16,16,29
540,84,9,132,1,,,,,,670,12,6,2018,16,16,30
541,90,9,132,0,,,,,,670,12,6,2018,16,16,31
542,83,9,132,1,,,,,,670,12,6,2018,16,16,32
543,80,9,132,1,,,,,,670,12,6,2018,16,16,33
544,66,9,132,0,,,,,,670,12,6,2018,16,16,35
545,43,9,132,0,,,,,,670,12,6,2018,16,16,36
546,50,9,132,0,,,,,,670,12,6,2018,16,16,37
547,61,9,132,0,,,,,,670,12,6,2018,16,16,38
548,61,9,132,0,,,,,,670,12,6,2018,16,16,39
549,74,9,132,0,,,,,,670,12,6,2018,16,16,40
550,63,9,132,0,,,,,,670,12,6,2018,16,16,41
551,43,9,132,1,,,,,,670,12,6,2018,16,16,42
552,44,9,132,1,,,,,,670,12,6,2018,16,16,43
553,44,9,132,1,,,,,,670,12,6,2018,16,16,44
554,50,9,132,1,,,,,,670,12,6,2018,16,16,45
555,56,9,132,1,,,,,,670,12,6,2018,16,16,46
556,77,9,132,1,,,,,,670,12,6,2018,16,16,47
557,77,9,132,1,,,,,,670,12,6,2018,16,16,48
558,93,9,132,1,,,,,,670,12,6,2018,16,16,49
559,91,9,132,1,,,,,,670,12,6,2018,16,16,50
560,80,9,132,0,,,,,,670,12,6,2018,16,16,51
561,78,9,132,1,,,,,,670,12,6,2018,16,16,52
562,64,9,132,1,,,,,,670,12,6,2018,16,16,53
563,77,9,132,1,,,,,,670,12,6,2018,16,16,54
564,91,9,132,1,,,,,,670,12,6,2018,16,16,55
565,87,9,132,0,,,,,,670,12,6,2018,16,16,56
566,100,9,132,0,,,,,,670,12,6,2018,16,16,57
567,83,9,132,0,,,,,,670,12,6,2018,16,16,58
568,69,9,132,1,,,,,,670,12,6,2018,16,16,59
569,87,9,132,1,,,,,,670,12,6,2018,16,17,1
570,70,9,132,0,,,,,,670,12,6,2018,16,17,2
571,77,9,132,0,,,,,,670,12,6,2018,16,17,3
572,80,9,132,0,,,,,,670,12,6,2018,16,17,4
573,78,9,132,1,,,,,,670,12,6,2018,16,17,5
574,84,9,132,1,,,,,,670,12,6,2018,16,17,6
575,91,9,132,1,,,,,,670,12,6,2018,16,17,7
576,97,9,132,1,,,,,,670,12,6,2018,16,17,8
577,93,9,132,1,,,,,,670,12,6,2018,16,17,9
578,81,9,132,0,,,,,,670,12,6,2018,16,17,10
579,88,9,132,0,,,,,,670,12,6,2018,16,17,11
580,88,9,132,0,,,,,,670,12,6,2018,16,17,12
581,88,9,132,0,,,,,,670,12,6,2018,16,17,13
582,100,9,132,0,,,,,,670,12,6,2018,16,17,14
583,88,9,132,1,,,,,,670,12,6,2018,16,17,15
584,81,9,132,1,,,,,,670,12,6,2018,16,17,16
585,81,9,132,1,,,,,,670,12,6,2018,16,17,17
586,57,9,132,0,,,,,,670,12,6,2018,16,17,18
587,61,9,132,0,,,,,,670,12,6,2018,16,17,19
588,56,9,132,0,,,,,,670,12,6,2018,16,17,20
589,61,9,132,0,,,,,,670,12,6,2018,16,17,21
590,80,9,132,0,,,,,,670,12,6,2018,16,17,22
591,74,9,132,1,,,,,,670,12,6,2018,16,17,23
592,67,9,132,0,,,,,,670,12,6,2018,16,17,24
593,66,9,132,1,,,,,,670,12,6,2018,16,17,25
594,64,9,132,1,,,,,,670,12,6,2018,16,17,27
595,66,9,132,1,,,,,,670,12,6,2018,16,17,28
596,67,9,132,1,,,,,,670,12,6,2018,16,17,29
597,70,9,132,1,,,,,,670,12,6,2018,16,17,30
598,66,9,132,0,,,,,,670,12,6,2018,16,17,31
599,60,9,132,1,,,,,,670,12,6,2018,16,17,32
600,69,9,132,1,,,,,,670,12,6,2018,16,17,33
601,69,9,132,1,,,,,,670,12,6,2018,16,17,34
602,75,9,132,1,,,,,,670,12,6,2018,16,17,35
603,84,9,132,1,,,,,,670,12,6,2018,16,17,36
604,80,9,132,0,,,,,,670,12,6,2018,16,17,37
605,84,9,132,0,,,,,,670,12,6,2018,16,17,38
606,80,9,132,0,,,,,,670,12,6,2018,16,17,39
607,75,9,132,1,,,,,,670,12,6,2018,16,17,40
608,74,9,132,1,,,,,,670,12,6,2018,16,17,41
609,61,9,132,0,86,1842,1676,1.0990453958511353,41,670,12,6,2018,16,17,42
610,64,9,231,0,,,,,,670,12,6,2018,16,17,43
611,70,10,231,0,,,,,,670,12,6,2018,16,17,44
612,87,10,231,0,,,,,,670,12,6,2018,16,17,45
613,75,10,231,1,,,,,,670,12,6,2018,16,17,47
614,77,10,231,1,,,,,,670,12,6,2018,16,17,48
615,70,10,231,1,,,,,,670,12,6,2018,16,17,49
616,61,10,231,1,,,,,,670,12,6,2018,16,17,50
617,69,10,231,1,,,,,,670,12,6,2018,16,17,51
618,69,10,231,1,,,,,,670,12,6,2018,16,17,52
619,80,10,231,1,,,,,,670,12,6,2018,16,17,53
620,94,10,231,1,,,,,,670,12,6,2018,16,17,54
621,100,10,231,1,,,,,,670,12,6,2018,16,17,55
622,96,10,231,1,,,,,,670,12,6,2018,16,17,56
623,81,10,231,0,,,,,,670,12,6,2018,16,17,57
624,69,10,231,0,,,,,,670,12,6,2018,16,17,58
625,56,10,231,1,,,,,,670,12,6,2018,16,17,59
626,66,10,231,1,,,,,,670,12,6,2018,16,18,0
627,70,10,231,1,,,,,,670,12,6,2018,16,18,1
628,83,10,231,1,,,,,,670,12,6,2018,16,18,2
629,77,10,231,0,,,,,,670,12,6,2018,16,18,3
630,69,10,231,0,,,,,,670,12,6,2018,16,18,4
631,57,10,231,1,,,,,,670,12,6,2018,16,18,5
632,51,10,231,1,,,,,,670,12,6,2018,16,18,6
633,48,10,231,0,,,,,,670,12,6,2018,16,18,7
634,48,10,231,0,,,,,,670,12,6,2018,16,18,8
635,51,10,231,0,,,,,,670,12,6,2018,16,18,9
636,47,10,231,1,,,,,,670,12,6,2018,16,18,10
637,47,10,231,1,,,,,,670,12,6,2018,16,18,11
638,44,10,231,0,,,,,,670,12,6,2018,16,18,13
639,53,10,231,0,,,,,,670,12,6,2018,16,18,14
640,64,10,231,0,,,,,,670,12,6,2018,16,18,15
641,78,10,231,0,,,,,,670,12,6,2018,16,18,16
642,70,10,231,0,,,,,,670,12,6,2018,16,18,17
643,67,10,231,1,,,,,,670,12,6,2018,16,18,18
644,69,10,231,1,,,,,,670,12,6,2018,16,18,19
645,75,10,231,1,,,,,,670,12,6,2018,16,18,20
646,90,10,231,1,,,,,,670,12,6,2018,16,18,21
647,90,10,231,1,,,,,,670,12,6,2018,16,18,22
648,90,10,231,1,,,,,,670,12,6,2018,16,18,23
649,70,10,231,1,,,,,,670,12,6,2018,16,18,24
650,70,10,231,1,,,,,,670,12,6,2018,16,18,25
651,67,10,231,1,,,,,,670,12,6,2018,16,18,26
652,70,10,231,1,,,,,,670,12,6,2018,16,18,27
653,84,10,231,1,,,,,,670,12,6,2018,16,18,28
654,91,10,231,1,,,,,,670,12,6,2018,16,18,29
655,90,10,231,0,,,,,,670,12,6,2018,16,18,30
656,91,10,231,0,,,,,,670,12,6,2018,16,18,31
657,70,10,231,0,,,,,,670,12,6,2018,16,18,32
658,60,10,231,1,,,,,,670,12,6,2018,16,18,33
659,54,10,231,1,,,,,,670,12,6,2018,16,18,34
660,54,10,231,1,,,,,,670,12,6,2018,16,18,35
661,63,10,231,1,,,,,,670,12,6,2018,16,18,36
662,66,10,231,1,,,,,,670,12,6,2018,16,18,38
663,67,10,231,1,,,,,,670,12,6,2018,16,18,39
664,74,10,231,1,109,867,410,2.1146340370178223,13,670,12,6,2018,16,18,40
665,88,10,321,1,,,,,,670,12,6,2018,16,18,41
666,91,11,321,1,,,,,,670,12,6,2018,16,18,42
667,78,11,321,1,,,,,,670,12,6,2018,16,18,43
668,66,11,321,1,,,,,,670,12,6,2018,16,18,44
669,60,11,321,1,,,,,,670,12,6,2018,16,18,45
670,64,11,321,1,,,,,,670,12,6,2018,16,18,46
671,74,11,321,1,,,,,,670,12,6,2018,16,18,47
672,69,11,321,1,,,,,,670,12,6,2018,16,18,48
673,64,11,321,1,,,,,,670,12,6,2018,16,18,49
674,78,11,321,1,,,,,,670,12,6,2018,16,18,50
675,66,11,321,1,,,,,,670,12,6,2018,16,18,51
676,69,11,321,1,,,,,,670,12,6,2018,16,18,52
677,66,11,321,0,,,,,,670,12,6,2018,16,18,53
678,48,11,321,0,,,,,,670,12,6,2018,16,18,54
679,54,11,321,0,,,,,,670,12,6,2018,16,18,55
680,60,11,321,0,,,,,,670,12,6,2018,16,18,57
681,66,11,321,0,,,,,,670,12,6,2018,16,18,58
682,77,11,321,0,,,,,,670,12,6,2018,16,18,59
683,93,11,321,0,,,,,,670,12,6,2018,16,19,0
684,91,11,321,1,,,,,,670,12,6,2018,16,19,1
685,84,11,321,1,,,,,,670,12,6,2018,16,19,2
686,81,11,321,1,,,,,,670,12,6,2018,16,19,3
687,64,11,321,1,,,,,,670,12,6,2018,16,19,4
688,69,11,321,0,,,,,,670,12,6,2018,16,19,5
689,69,11,321,0,,,,,,670,12,6,2018,16,19,6
690,54,11,321,0,,,,,,670,12,6,2018,16,19,7
691,60,11,321,0,,,,,,670,12,6,2018,16,19,8
692,61,11,321,0,,,,,,670,12,6,2018,16,19,9
693,67,11,321,0,,,,,,670,12,6,2018,16,19,10
694,67,11,321,0,,,,,,670,12,6,2018,16,19,11
695,74,11,321,0,,,,,,670,12,6,2018,16,19,12
696,70,11,321,1,,,,,,670,12,6,2018,16,19,13
697,60,11,321,0,,,,,,670,12,6,2018,16,19,14
698,70,11,321,0,,,,,,670,12,6,2018,16,19,15
699,77,11,321,0,,,,,,670,12,6,2018,16,19,16
700,77,11,321,0,,,,,,670,12,6,2018,16,19,17
701,90,11,321,0,,,,,,670,12,6,2018,16,19,18
702,84,11,321,0,,,,,,670,12,6,2018,16,19,19
703,78,11,321,1,,,,,,670,12,6,2018,16,19,20
704,78,11,321,1,,,,,,670,12,6,2018,16,19,21
705,70,11,321,0,,,,,,670,12,6,2018,16,19,23
706,70,11,321,0,,,,,,670,12,6,2018,16,19,24
707,70,11,321,0,,,,,,670,12,6,2018,16,19,25
708,75,11,321,0,,,,,,670,12,6,2018,16,19,26
709,81,11,321,0,,,,,,670,12,6,2018,16,19,27
710,84,11,321,0,,,,,,670,12,6,2018,16,19,28
711,78,11,321,1,,,,,,670,12,6,2018,16,19,29
712,69,11,321,0,,,,,,670,12,6,2018,16,19,30
713,69,11,321,0,,,,,,670,12,6,2018,16,19,31
714,67,11,321,1,,,,,,670,12,6,2018,16,19,32
715,88,11,321,1,,,,,,670,12,6,2018,16,19,33
716,88,11,321,1,,,,,,670,12,6,2018,16,19,34
717,87,11,321,1,,,,,,670,12,6,2018,16,19,35
718,70,11,321,1,,,,,,670,12,6,2018,16,19,36
719,50,11,321,1,,,,,,670,12,6,2018,16,19,37
720,40,11,321,0,,,,,,670,12,6,2018,16,19,38
721,40,11,321,0,,,,,,670,12,6,2018,16,19,39
722,53,11,321,0,,,,,,670,12,6,2018,16,19,40
723,57,11,321,0,,,,,,670,12,6,2018,16,19,41
724,63,11,321,0,,,,,,670,12,6,2018,16,19,42
725,53,11,321,0,,,,,,670,12,6,2018,16,19,43
726,60,11,321,0,,,,,,670,12,6,2018,16,19,44
727,57,11,321,0,,,,,,670,12,6,2018,16,19,45
728,74,11,321,0,,,,,,670,12,6,2018,16,19,46
729,75,11,321,0,,,,,,670,12,6,2018,16,19,48
730,57,11,321,1,,,,,,670,12,6,2018,16,19,49
731,56,11,321,1,,,,,,670,12,6,2018,16,19,50
732,48,11,321,0,,,,,,670,12,6,2018,16,19,51
733,60,11,321,0,,,,,,670,12,6,2018,16,19,52
734,69,11,321,0,,,,,,670,12,6,2018,16,19,53
735,63,11,321,0,,,,,,670,12,6,2018,16,19,54
736,67,11,321,0,,,,,,670,12,6,2018,16,19,55
737,78,11,321,0,,,,,,670,12,6,2018,16,19,56
738,81,11,321,0,,,,,,670,12,6,2018,16,19,57
739,87,11,321,0,,,,,,670,12,6,2018,16,19,58
740,78,11,321,1,,,,,,670,12,6,2018,16,19,59
741,64,11,321,1,,,,,,670,12,6,2018,16,20,0
742,48,11,321,0,,,,,,670,12,6,2018,16,20,1
743,48,11,321,0,,,,,,670,12,6,2018,16,20,2
744,56,11,321,0,,,,,,670,12,6,2018,16,20,3
745,61,11,321,0,,,,,,670,12,6,2018,16,20,4
746,78,11,321,0,,,,,,670,12,6,2018,16,20,5
747,81,11,321,0,,,,,,670,12,6,2018,16,20,6
748,93,11,321,0,,,,,,670,12,6,2018,16,20,7
749,77,11,321,0,,,,,,670,12,6,2018,16,20,8
750,57,11,321,0,,,,,,670,12,6,2018,16,20,9
751,38,11,321,1,,,,,,670,12,6,2018,16,20,10
752,34,11,321,1,,,,,,670,12,6,2018,16,20,11
753,48,11,321,1,,,,,,670,12,6,2018,16,20,13
754,74,11,321,1,,,,,,670,12,6,2018,16,20,14
755,66,11,321,0,,,,,,670,12,6,2018,16,20,15
756,66,11,321,0,,,,,,670,12,6,2018,16,20,16
757,35,11,321,0,,,,,,670,12,6,2018,16,20,17
758,37,11,321,0,,,,,,670,12,6,2018,16,20,18
759,51,11,321,0,,,,,,670,12,6,2018,16,20,19
760,38,11,321,0,,,,,,670,12,6,2018,16,20,20
761,67,11,321,0,,,,,,670,12,6,2018,16,20,21
762,63,11,321,1,,,,,,670,12,6,2018,16,20,22
763,50,11,321,1,,,,,,670,12,6,2018,16,20,23
764,60,11,321,1,,,,,,670,12,6,2018,16,20,24
765,50,11,321,0,,,,,,670,12,6,2018,16,20,25
766,40,11,321,0,,,,,,670,12,6,2018,16,20,26
767,41,11,321,0,,,,,,670,12,6,2018,16,20,27
768,40,11,321,1,,,,,,670,12,6,2018,16,20,28
769,40,11,321,1,,,,,,670,12,6,2018,16,20,29
770,56,11,321,1,,,,,,670,12,6,2018,16,20,30
771,53,11,321,1,,,,,,670,12,6,2018,16,20,31
772,53,11,321,1,,,,,,670,12,6,2018,16,20,32
773,48,11,321,0,,,,,,670,12,6,2018,16,20,33
774,38,11,321,0,,,,,,670,12,6,2018,16,20,34
775,41,11,321,0,,,,,,670,12,6,2018,16,20,35
776,35,11,321,1,,,,,,670,12,6,2018,16,20,36
777,38,11,321,1,,,,,,670,12,6,2018,16,20,37
778,47,11,321,1,,,,,,670,12,6,2018,16,20,39
779,47,11,321,1,,,,,,670,12,6,2018,16,20,40
780,63,11,321,1,,,,,,670,12,6,2018,16,20,41
781,56,11,321,0,,,,,,670,12,6,2018,16,20,42
782,60,11,321,0,,,,,,670,12,6,2018,16,20,43
783,74,11,321,0,,,,,,670,12,6,2018,16,20,44
784,63,11,321,1,,,,,,670,12,6,2018,16,20,45
785,66,11,321,1,,,,,,670,12,6,2018,16,20,46
786,63,11,321,0,,,,,,670,12,6,2018,16,20,47
787,56,11,321,1,,,,,,670,12,6,2018,16,20,48
788,74,11,321,1,,,,,,670,12,6,2018,16,20,49
789,70,11,321,0,,,,,,670,12,6,2018,16,20,50
790,75,11,321,0,,,,,,670,12,6,2018,16,20,51
791,83,11,321,0,,,,,,670,12,6,2018,16,20,52
792,81,11,321,1,,,,,,670,12,6,2018,16,20,53
793,84,11,321,1,,,,,,670,12,6,2018,16,20,54
794,87,11,321,1,,,,,,670,12,6,2018,16,20,55
795,90,11,321,1,,,,,,670,12,6,2018,16,20,56
796,87,11,321,0,,,,,,670,12,6,2018,16,20,57
797,77,11,321,1,,,,,,670,12,6,2018,16,20,58
798,78,11,321,1,,,,,,670,12,6,2018,16,20,59
799,84,11,321,1,,,,,,670,12,6,2018,16,21,0
800,75,11,321,1,,,,,,670,12,6,2018,16,21,1
801,54,11,321,0,,,,,,670,12,6,2018,16,21,2
802,41,11,321,1,,,,,,670,12,6,2018,16,21,3
803,44,11,321,1,,,,,,670,12,6,2018,16,21,5
804,29,11,321,1,,,,,,670,12,6,2018,16,21,6
805,48,11,321,1,,,,,,670,12,6,2018,16,21,7
806,54,11,321,1,,,,,,670,12,6,2018,16,21,8
807,67,11,321,1,,,,,,670,12,6,2018,16,21,9
808,91,11,321,1,,,,,,670,12,6,2018,16,21,10
809,88,11,321,1,,,,,,670,12,6,2018,16,21,11
810,84,11,321,1,,,,,,670,12,6,2018,16,21,12
811,69,11,321,0,,,,,,670,12,6,2018,16,21,13
812,66,11,321,1,,,,,,670,12,6,2018,16,21,14
813,63,11,321,0,,,,,,670,12,6,2018,16,21,15
814,61,11,321,1,,,,,,670,12,6,2018,16,21,16
815,66,11,321,1,,,,,,670,12,6,2018,16,21,17
816,84,11,321,1,,,,,,670,12,6,2018,16,21,18
817,93,11,321,1,,,,,,670,12,6,2018,16,21,19
818,80,11,321,0,,,,,,670,12,6,2018,16,21,20
819,80,11,321,0,,,,,,670,12,6,2018,16,21,21
820,66,11,321,1,,,,,,670,12,6,2018,16,21,22
821,57,11,321,1,,,,,,670,12,6,2018,16,21,23
822,64,11,321,1,,,,,,670,12,6,2018,16,21,24
823,34,11,321,1,,,,,,670,12,6,2018,16,21,25
824,43,11,321,1,,,,,,670,12,6,2018,16,21,26
825,34,11,321,1,,,,,,670,12,6,2018,16,21,27
826,41,11,321,1,,,,,,670,12,6,2018,16,21,28
827,60,11,321,1,,,,,,670,12,6,2018,16,21,29
828,56,11,321,1,,,,,,670,12,6,2018,16,21,31
829,66,11,321,1,,,,,,670,12,6,2018,16,21,32
830,61,11,321,1,,,,,,670,12,6,2018,16,21,33
831,54,11,321,0,,,,,,670,12,6,2018,16,21,34
832,48,11,321,0,,,,,,670,12,6,2018,16,21,35
833,54,11,321,0,,,,,,670,12,6,2018,16,21,36
834,64,11,321,0,,,,,,670,12,6,2018,16,21,37
835,56,11,321,0,,,,,,670,12,6,2018,16,21,38
836,57,11,321,0,,,,,,670,12,6,2018,16,21,39
837,48,11,321,0,,,,,,670,12,6,2018,16,21,40
838,47,11,321,0,,,,,,670,12,6,2018,16,21,41
839,51,11,321,0,,,,,,670,12,6,2018,16,21,42
840,41,11,321,0,,,,,,670,12,6,2018,16,21,43
841,41,11,321,0,,,,,,670,12,6,2018,16,21,44
842,43,11,321,0,,,,,,670,12,6,2018,16,21,45
843,30,11,321,0,,,,,,670,12,6,2018,16,21,46
844,34,11,321,0,,,,,,670,12,6,2018,16,21,47
845,38,11,321,0,,,,,,670,12,6,2018,16,21,48
846,50,11,321,0,,,,,,670,12,6,2018,16,21,49
847,54,11,321,0,,,,,,670,12,6,2018,16,21,50
848,47,11,321,1,,,,,,670,12,6,2018,16,21,51
849,43,11,321,0,,,,,,670,12,6,2018,16,21,52
850,53,11,321,0,,,,,,670,12,6,2018,16,21,53
851,51,11,321,0,,,,,,670,12,6,2018,16,21,54
852,54,11,321,0,,,,,,670,12,6,2018,16,21,55
853,48,11,321,0,,,,,,670,12,6,2018,16,21,57
854,47,11,321,1,,,,,,670,12,6,2018,16,21,58
855,51,11,321,1,,,,,,670,12,6,2018,16,21,59
856,53,11,321,1,,,,,,670,12,6,2018,16,22,0
857,61,11,321,1,,,,,,670,12,6,2018,16,22,1
858,61,11,321,1,,,,,,670,12,6,2018,16,22,2
859,51,11,321,0,,,,,,670,12,6,2018,16,22,3
860,53,11,321,0,,,,,,670,12,6,2018,16,22,4
861,53,11,321,0,,,,,,670,12,6,2018,16,22,5
862,57,11,321,0,,,,,,670,12,6,2018,16,22,6
863,64,11,321,0,,,,,,670,12,6,2018,16,22,7
864,78,11,321,0,,,,,,670,12,6,2018,16,22,8
865,74,11,321,0,,,,,,670,12,6,2018,16,22,9
866,77,11,321,0,,,,,,670,12,6,2018,16,22,10
867,74,11,321,0,,,,,,670,12,6,2018,16,22,11
868,63,11,321,1,,,,,,670,12,6,2018,16,22,12
869,57,11,321,1,,,,,,670,12,6,2018,16,22,13
870,70,11,321,1,,,,,,670,12,6,2018,16,22,14
871,54,11,321,0,,,,,,670,12,6,2018,16,22,15
872,56,11,321,0,,,,,,670,12,6,2018,16,22,16
873,50,11,321,1,,,,,,670,12,6,2018,16,22,17
874,29,11,321,1,,,,,,670,12,6,2018,16,22,18
875,37,11,321,1,,,,,,670,12,6,2018,16,22,19
876,38,11,321,1,,,,,,670,12,6,2018,16,22,20
877,47,11,321,1,,,,,,670,12,6,2018,16,22,21
878,57,11,321,1,,,,,,670,12,6,2018,16,22,23
879,57,11,321,1,,,,,,670,12,6,2018,16,22,24
880,50,11,321,0,114,2493,3012,0.8276892304420471,49,670,12,6,2018,16,22,25
881,41,11,123,0,,,,,,670,12,6,2018,16,22,26
882,43,12,123,0,,,,,,670,12,6,2018,16,22,27
883,51,12,123,0,,,,,,670,12,6,2018,16,22,28
884,60,12,123,0,,,,,,670,12,6,2018,16,22,29
885,70,12,123,0,,,,,,670,12,6,2018,16,22,30
886,50,12,123,1,,,,,,670,12,6,2018,16,22,31
887,48,12,123,0,,,,,,670,12,6,2018,16,22,32
888,54,12,123,0,,,,,,670,12,6,2018,16,22,33
889,50,12,123,0,,,,,,670,12,6,2018,16,22,34
890,63,12,123,0,,,,,,670,12,6,2018,16,22,35
891,75,12,123,0,,,,,,670,12,6,2018,16,22,36
892,67,12,123,0,,,,,,670,12,6,2018,16,22,37
893,70,12,123,0,,,,,,670,12,6,2018,16,22,38
894,66,12,123,1,,,,,,670,12,6,2018,16,22,39
895,60,12,123,0,,,,,,670,12,6,2018,16,22,40
896,66,12,123,0,,,,,,670,12,6,2018,16,22,42
897,69,12,123,0,,,,,,670,12,6,2018,16,22,43
898,75,12,123,0,,,,,,670,12,6,2018,16,22,44
899,70,12,123,0,,,,,,670,12,6,2018,16,22,45
900,70,12,123,0,,,,,,670,12,6,2018,16,22,46
901,67,12,123,1,,,,,,670,12,6,2018,16,22,47
902,74,12,123,1,,,,,,670,12,6,2018,16,22,48
903,63,12,123,1,,,,,,670,12,6,2018,16,22,49
904,53,12,123,0,,,,,,670,12,6,2018,16,22,50
905,43,12,123,0,,,,,,670,12,6,2018,16,22,51
906,48,12,123,0,,,,,,670,12,6,2018,16,22,52
907,66,12,123,0,,,,,,670,12,6,2018,16,22,53
908,84,12,123,0,,,,,,670,12,6,2018,16,22,54
909,78,12,123,1,,,,,,670,12,6,2018,16,22,55
910,70,12,123,1,,,,,,670,12,6,2018,16,22,56
911,60,12,123,0,,,,,,670,12,6,2018,16,22,57
912,47,12,123,0,,,,,,670,12,6,2018,16,22,58
913,51,12,123,0,,,,,,670,12,6,2018,16,22,59
914,54,12,123,0,,,,,,670,12,6,2018,16,23,0
915,64,12,123,0,,,,,,670,12,6,2018,16,23,1
916,74,12,123,0,,,,,,670,12,6,2018,16,23,2
917,57,12,123,1,,,,,,670,12,6,2018,16,23,3
918,60,12,123,1,110,226,742,0.3045822083950043,9,670,12,6,2018,16,23,4
919,54,12,132,0,,,,,,670,12,6,2018,16,23,5
920,53,13,132,0,,,,,,670,12,6,2018,16,23,6
921,56,13,132,0,,,,,,670,12,6,2018,16,23,8
922,47,13,132,1,,,,,,670,12,6,2018,16,23,9
923,48,13,132,1,,,,,,670,12,6,2018,16,23,10
924,44,13,132,0,,,,,,670,12,6,2018,16,23,11
925,53,13,132,0,,,,,,670,12,6,2018,16,23,12
926,50,13,132,1,,,,,,670,12,6,2018,16,23,13
927,66,13,132,1,,,,,,670,12,6,2018,16,23,14
928,51,13,132,0,,,,,,670,12,6,2018,16,23,15
929,47,13,132,0,,,,,,670,12,6,2018,16,23,16
930,38,13,132,1,,,,,,670,12,6,2018,16,23,17
931,23,13,132,0,,,,,,670,12,6,2018,16,23,18
932,34,13,132,0,,,,,,670,12,6,2018,16,23,19
933,43,13,132,0,,,,,,670,12,6,2018,16,23,20
934,44,13,132,0,,,,,,670,12,6,2018,16,23,21
935,48,13,132,0,,,,,,670,12,6,2018,16,23,22
936,44,13,132,0,,,,,,670,12,6,2018,16,23,23
937,41,13,132,1,,,,,,670,12,6,2018,16,23,24
938,47,13,132,1,,,,,,670,12,6,2018,16,23,25
939,48,13,132,1,,,,,,670,12,6,2018,16,23,26
940,51,13,132,1,,,,,,670,12,6,2018,16,23,27
941,50,13,132,1,,,,,,670,12,6,2018,16,23,28
942,47,13,132,0,,,,,,670,12,6,2018,16,23,30
943,48,13,132,0,,,,,,670,12,6,2018,16,23,31
944,53,13,132,0,,,,,,670,12,6,2018,16,23,32
945,67,13,132,0,,,,,,670,12,6,2018,16,23,33
946,66,13,132,1,,,,,,670,12,6,2018,16,23,34
947,61,13,132,1,,,,,,670,12,6,2018,16,23,35
948,61,13,132,1,,,,,,670,12,6,2018,16,23,36
949,48,13,132,1,,,,,,670,12,6,2018,16,23,37
950,30,13,132,0,,,,,,670,12,6,2018,16,23,38
951,20,13,132,0,,,,,,670,12,6,2018,16,23,39
952,8,13,132,1,,,,,,670,12,6,2018,16,23,40
953,14,13,132,1,,,,,,670,12,6,2018,16,23,41
954,29,13,132,1,,,,,,670,12,6,2018,16,23,42
955,41,13,132,1,,,,,,670,12,6,2018,16,23,43
956,51,13,132,1,,,,,,670,12,6,2018,16,23,44
957,53,13,132,1,,,,,,670,12,6,2018,16,23,45
958,53,13,132,1,,,,,,670,12,6,2018,16,23,46
959,56,13,132,1,,,,,,670,12,6,2018,16,23,47
960,57,13,132,1,,,,,,670,12,6,2018,16,23,48
961,50,13,132,1,,,,,,670,12,6,2018,16,23,49
962,50,13,132,1,,,,,,670,12,6,2018,16,23,50
963,47,13,132,0,,,,,,670,12,6,2018,16,23,51
964,38,13,132,1,,,,,,670,12,6,2018,16,23,52
965,54,13,132,1,,,,,,670,12,6,2018,16,23,53
966,60,13,132,1,,,,,,670,12,6,2018,16,23,55
967,64,13,132,1,,,,,,670,12,6,2018,16,23,56
968,69,13,132,1,,,,,,670,12,6,2018,16,23,57
969,66,13,132,1,,,,,,670,12,6,2018,16,23,58
970,43,13,132,0,,,,,,670,12,6,2018,16,23,59
971,38,13,132,0,,,,,,670,12,6,2018,16,24,0
972,38,13,132,1,,,,,,670,12,6,2018,16,24,1
973,51,13,132,1,,,,,,670,12,6,2018,16,24,2
974,57,13,132,1,,,,,,670,12,6,2018,16,24,3
975,61,13,132,1,98,917,538,1.7044609785079956,15,670,12,6,2018,16,24,4
976,67,13,312,1,,,,,,670,12,6,2018,16,24,5
977,77,14,312,1,,,,,,670,12,6,2018,16,24,6
978,77,14,312,1,,,,,,670,12,6,2018,16,24,7
979,70,14,312,1,,,,,,670,12,6,2018,16,24,8
980,66,14,312,0,,,,,,670,12,6,2018,16,24,9
981,69,14,312,0,,,,,,670,12,6,2018,16,24,10
982,51,14,312,1,,,,,,670,12,6,2018,16,24,11
983,54,14,312,1,,,,,,670,12,6,2018,16,24,12
984,60,14,312,1,,,,,,670,12,6,2018,16,24,13
985,56,14,312,0,,,,,,670,12,6,2018,16,24,14
986,69,14,312,0,,,,,,670,12,6,2018,16,24,16
987,63,14,312,0,,,,,,670,12,6,2018,16,24,17
988,56,14,312,1,,,,,,670,12,6,2018,16,24,18
989,41,14,312,0,,,,,,670,12,6,2018,16,24,19
990,47,14,312,0,,,,,,670,12,6,2018,16,24,20
991,43,14,312,0,,,,,,670,12,6,2018,16,24,21
992,53,14,312,0,,,,,,670,12,6,2018,16,24,22
993,44,14,312,1,,,,,,670,12,6,2018,16,24,23
994,37,14,312,1,,,,,,670,12,6,2018,16,24,24
995,47,14,312,1,,,,,,670,12,6,2018,16,24,25
996,56,14,312,1,,,,,,670,12,6,2018,16,24,26
997,69,14,312,1,,,,,,670,12,6,2018,16,24,27
998,80,14,312,1,,,,,,670,12,6,2018,16,24,28
999,67,14,312,0,,,,,,670,12,6,2018,16,24,29
1000,63,14,312,1,79,333,273,1.2197802066802979,8,670,12,6,2018,16,24,30
1001,57,14,213,0,,,,,,670,12,6,2018,16,24,31
1002,54,15,213,0,,,,,,670,12,6,2018,16,24,32
1003,61,15,213,0,,,,,,670,12,6,2018,16,24,33
1004,60,15,213,1,,,,,,670,12,6,2018,16,24,34
1005,51,15,213,1,,,,,,670,12,6,2018,16,24,35
1006,47,15,213,0,,,,,,670,12,6,2018,16,24,37
1007,53,15,213,0,,,,,,670,12,6,2018,16,24,38
1008,57,15,213,1,,,,,,670,12,6,2018,16,24,39
1009,66,15,213,1,,,,,,670,12,6,2018,16,24,40
1010,53,15,213,0,,,,,,670,12,6,2018,16,24,41
1011,54,15,213,0,,,,,,670,12,6,2018,16,24,42
1012,53,15,213,1,,,,,,670,12,6,2018,16,24,43
1013,44,15,213,0,,,,,,670,12,6,2018,16,24,44
1014,50,15,213,0,,,,,,670,12,6,2018,16,24,45
1015,57,15,213,0,,,,,,670,12,6,2018,16,24,46
1016,57,15,213,0,,,,,,670,12,6,2018,16,24,47
1017,51,15,213,1,,,,,,670,12,6,2018,16,24,48
1018,56,15,213,1,,,,,,670,12,6,2018,16,24,49
1019,57,15,213,1,,,,,,670,12,6,2018,16,24,50
1020,67,15,213,1,,,,,,670,12,6,2018,16,24,51
1021,88,15,213,1,,,,,,670,12,6,2018,16,24,52
1022,84,15,213,1,,,,,,670,12,6,2018,16,24,53
1023,81,15,213,0,,,,,,670,12,6,2018,16,24,54
1024,70,15,213,0,,,,,,670,12,6,2018,16,24,55
1025,63,15,213,1,,,,,,670,12,6,2018,16,24,56
1026,63,15,213,1,,,,,,670,12,6,2018,16,24,57
1027,63,15,213,1,,,,,,670,12,6,2018,16,24,58
1028,63,15,213,1,,,,,,670,12,6,2018,16,24,59
1029,44,15,213,0,,,,,,670,12,6,2018,16,25,0
1030,40,15,213,0,,,,,,670,12,6,2018,16,25,1
1031,35,15,213,1,,,,,,670,12,6,2018,16,25,3
1032,50,15,213,1,,,,,,670,12,6,2018,16,25,4
1033,64,15,213,1,,,,,,670,12,6,2018,16,25,5
1034,69,15,213,1,,,,,,670,12,6,2018,16,25,6
1035,83,15,213,1,,,,,,670,12,6,2018,16,25,7
1036,78,15,213,1,,,,,,670,12,6,2018,16,25,8
1037,70,15,213,0,,,,,,670,12,6,2018,16,25,9
1038,74,15,213,0,,,,,,670,12,6,2018,16,25,10
1039,54,15,213,1,,,,,,670,12,6,2018,16,25,11
1040,63,15,213,1,,,,,,670,12,6,2018,16,25,12
1041,54,15,213,1,,,,,,670,12,6,2018,16,25,13
1042,40,15,213,1,,,,,,670,12,6,2018,16,25,14
1043,47,15,213,1,,,,,,670,12,6,2018,16,25,15
1044,48,15,213,1,,,,,,670,12,6,2018,16,25,16
1045,53,15,213,1,,,,,,670,12,6,2018,16,25,17
1046,48,15,213,1,,,,,,670,12,6,2018,16,25,18
1047,48,15,213,1,,,,,,670,12,6,2018,16,25,19
1048,35,15,213,1,,,,,,670,12,6,2018,16,25,20
1049,27,15,213,0,,,,,,670,12,6,2018,16,25,21
1050,44,15,213,0,,,,,,670,12,6,2018,16,25,22
1051,44,15,213,0,,,,,,670,12,6,2018,16,25,23
1052,69,15,213,0,,,,,,670,12,6,2018,16,25,24
1053,61,15,213,1,,,,,,670,12,6,2018,16,25,25
1054,61,15,213,1,,,,,,670,12,6,2018,16,25,26
1055,47,15,213,1,,,,,,670,12,6,2018,16,25,27
1056,54,15,213,1,,,,,,670,12,6,2018,16,25,29
1057,57,15,213,1,,,,,,670,12,6,2018,16,25,30
1058,66,15,213,1,,,,,,670,12,6,2018,16,25,31
1059,69,15,213,1,,,,,,670,12,6,2018,16,25,32
1060,77,15,213,1,,,,,,670,12,6,2018,16,25,33
1061,83,15,213,1,,,,,,670,12,6,2018,16,25,34
1062,74,15,213,0,,,,,,670,12,6,2018,16,25,35
1063,64,15,213,0,,,,,,670,12,6,2018,16,25,36
1064,50,15,213,1,,,,,,670,12,6,2018,16,25,37
1065,43,15,213,0,,,,,,670,12,6,2018,16,25,38
1066,53,15,213,0,,,,,,670,12,6,2018,16,25,39
1067,66,15,213,0,,,,,,670,12,6,2018,16,25,40
1068,70,15,213,0,,,,,,670,12,6,2018,16,25,41
1069,88,15,213,0,,,,,,670,12,6,2018,16,25,42
1070,87,15,213,0,,,,,,670,12,6,2018,16,25,43
1071,80,15,213,1,,,,,,670,12,6,2018,16,25,44
1072,90,15,213,1,,,,,,670,12,6,2018,16,25,45
1073,83,15,213,0,,,,,,670,12,6,2018,16,25,46
1074,87,15,213,0,,,,,,670,12,6,2018,16,25,47
1075,94,15,213,0,,,,,,670,12,6,2018,16,25,48
1076,84,15,213,1,,,,,,670,12,6,2018,16,25,49
1077,47,15,213,0,,,,,,670,12,6,2018,16,25,50
1078,34,15,213,1,,,,,,670,12,6,2018,16,25,51
1079,30,15,213,0,,,,,,670,12,6,2018,16,25,52
1080,47,15,213,0,,,,,,670,12,6,2018,16,25,53
1081,44,15,213,0,,,,,,670,12,6,2018,16,25,55
1082,41,15,213,1,,,,,,670,12,6,2018,16,25,56
1083,38,15,213,1,,,,,,670,12,6,2018,16,25,57
1084,26,15,213,0,,,,,,670,12,6,2018,16,25,58
1085,40,15,213,0,,,,,,670,12,6,2018,16,25,59
1086,60,15,213,0,,,,,,670,12,6,2018,16,26,0
1087,77,15,213,0,,,,,,670,12,6,2018,16,26,1
1088,93,15,213,0,,,,,,670,12,6,2018,16,26,2
1089,93,15,213,0,,,,,,670,12,6,2018,16,26,3
1090,93,15,213,0,,,,,,670,12,6,2018,16,26,4
1091,87,15,213,1,,,,,,670,12,6,2018,16,26,5
1092,77,15,213,1,,,,,,670,12,6,2018,16,26,6
1093,66,15,213,0,,,,,,670,12,6,2018,16,26,7
1094,57,15,213,0,,,,,,670,12,6,2018,16,26,8
1095,53,15,213,1,,,,,,670,12,6,2018,16,26,9
1096,50,15,213,1,,,,,,670,12,6,2018,16,26,10
1097,51,15,213,1,,,,,,670,12,6,2018,16,26,11
1098,35,15,213,0,,,,,,670,12,6,2018,16,26,12
1099,48,15,213,0,,,,,,670,12,6,2018,16,26,13
1100,48,15,213,0,,,,,,670,12,6,2018,16,26,14
1101,53,15,213,0,,,,,,670,12,6,2018,16,26,15
1102,41,15,213,1,,,,,,670,12,6,2018,16,26,16
1103,24,15,213,1,,,,,,670,12,6,2018,16,26,17
1104,26,15,213,1,,,,,,670,12,6,2018,16,26,18
1105,35,15,213,1,,,,,,670,12,6,2018,16,26,19
1106,37,15,213,1,,,,,,670,12,6,2018,16,26,21
1107,50,15,213,1,,,,,,670,12,6,2018,16,26,22
1108,47,15,213,0,,,,,,670,12,6,2018,16,26,23
1109,30,15,213,0,,,,,,670,12,6,2018,16,26,24
1110,54,15,213,0,,,,,,670,12,6,2018,16,26,25
1111,54,15,213,0,,,,,,670,12,6,2018,16,26,26
1112,56,15,213,0,,,,,,670,12,6,2018,16,26,27
1113,80,15,213,0,,,,,,670,12,6,2018,16,26,28
1114,66,15,213,1,,,,,,670,12,6,2018,16,26,29
1115,64,15,213,0,,,,,,670,12,6,2018,16,26,30
1116,54,15,213,1,,,,,,670,12,6,2018,16,26,31
1117,50,15,213,0,,,,,,670,12,6,2018,16,26,32
1118,47,15,213,0,,,,,,670,12,6,2018,16,26,33
1119,37,15,213,0,,,,,,670,12,6,2018,16,26,34
1120,48,15,213,0,,,,,,670,12,6,2018,16,26,35
1121,48,15,213,0,,,,,,670,12,6,2018,16,26,36
1122,60,15,213,0,,,,,,670,12,6,2018,16,26,37
1123,57,15,213,1,,,,,,670,12,6,2018,16,26,38
1124,61,15,213,1,,,,,,670,12,6,2018,16,26,39
1125,54,15,213,0,,,,,,670,12,6,2018,16,26,40
1126,51,15,213,0,,,,,,670,12,6,2018,16,26,41
1127,53,15,213,0,,,,,,670,12,6,2018,16,26,42
1128,57,15,213,0,,,,,,670,12,6,2018,16,26,43
1129,57,15,213,0,,,,,,670,12,6,2018,16,26,44
1130,66,15,213,0,,,,,,670,12,6,2018,16,26,45
1131,69,15,213,0,,,,,,670,12,6,2018,16,26,47
1132,66,15,213,0,,,,,,670,12,6,2018,16,26,48
1133,64,15,213,0,,,,,,670,12,6,2018,16,26,49
1134,63,15,213,1,,,,,,670,12,6,2018,16,26,50
1135,50,15,213,0,,,,,,670,12,6,2018,16,26,51
1136,43,15,213,1,,,,,,670,12,6,2018,16,26,52
1137,48,15,213,1,,,,,,670,12,6,2018,16,26,53
1138,48,15,213,1,,,,,,670,12,6,2018,16,26,54
1139,61,15,213,1,,,,,,670,12,6,2018,16,26,55
1140,54,15,213,1,,,,,,670,12,6,2018,16,26,56
1141,51,15,213,0,,,,,,670,12,6,2018,16,26,57
1142,48,15,213,0,,,,,,670,12,6,2018,16,26,58
1143,41,15,213,1,,,,,,670,12,6,2018,16,26,59
1144,53,15,213,1,,,,,,670,12,6,2018,16,27,0
1145,66,15,213,1,,,,,,670,12,6,2018,16,27,1
1146,56,15,213,0,,,,,,670,12,6,2018,16,27,2
1147,51,15,213,0,,,,,,670,12,6,2018,16,27,3
1148,47,15,213,1,,,,,,670,12,6,2018,16,27,4
1149,41,15,213,1,,,,,,670,12,6,2018,16,27,5
1150,61,15,213,1,,,,,,670,12,6,2018,16,27,6
1151,61,15,213,1,,,,,,670,12,6,2018,16,27,7
1152,60,15,213,1,,,,,,670,12,6,2018,16,27,8
1153,63,15,213,1,,,,,,670,12,6,2018,16,27,9
1154,60,15,213,1,,,,,,670,12,6,2018,16,27,10
1155,63,15,213,1,,,,,,670,12,6,2018,16,27,11
1156,67,15,213,1,,,,,,670,12,6,2018,16,27,13
1157,53,15,213,1,,,,,,670,12,6,2018,16,27,14
1158,51,15,213,0,,,,,,670,12,6,2018,16,27,15
1159,48,15,213,0,,,,,,670,12,6,2018,16,27,16
1160,54,15,213,0,,,,,,670,12,6,2018,16,27,17
1161,56,15,213,0,,,,,,670,12,6,2018,16,27,18
1162,61,15,213,0,,,,,,670,12,6,2018,16,27,19
1163,57,15,213,1,,,,,,670,12,6,2018,16,27,20
1164,47,15,213,1,,,,,,670,12,6,2018,16,27,21
1165,60,15,213,1,,,,,,670,12,6,2018,16,27,22
1166,48,15,213,0,,,,,,670,12,6,2018,16,27,23
1167,50,15,213,0,,,,,,670,12,6,2018,16,27,24
1168,37,15,213,1,,,,,,670,12,6,2018,16,27,25
1169,44,15,213,1,,,,,,670,12,6,2018,16,27,26
1170,50,15,213,1,,,,,,670,12,6,2018,16,27,27
1171,69,15,213,1,,,,,,670,12,6,2018,16,27,28
1172,74,15,213,1,,,,,,670,12,6,2018,16,27,29
1173,74,15,213,1,,,,,,670,12,6,2018,16,27,30
1174,75,15,213,1,,,,,,670,12,6,2018,16,27,31
1175,69,15,213,0,,,,,,670,12,6,2018,16,27,32
1176,66,15,213,0,,,,,,670,12,6,2018,16,27,33
1177,63,15,213,0,,,,,,670,12,6,2018,16,27,34
1178,60,15,213,1,,,,,,670,12,6,2018,16,27,35
1179,51,15,213,0,,,,,,670,12,6,2018,16,27,36
1180,63,15,213,0,,,,,,670,12,6,2018,16,27,37
1181,60,15,213,1,,,,,,670,12,6,2018,16,27,39
1182,70,15,213,1,,,,,,670,12,6,2018,16,27,40
1183,74,15,213,1,,,,,,670,12,6,2018,16,27,41
1184,66,15,213,1,,,,,,670,12,6,2018,16,27,42
1185,57,15,213,0,,,,,,670,12,6,2018,16,27,43
1186,40,15,213,0,,,,,,670,12,6,2018,16,27,44
1187,44,15,213,0,,,,,,670,12,6,2018,16,27,45
1188,47,15,213,0,,,,,,670,12,6,2018,16,27,46
1189,50,15,213,0,,,,,,670,12,6,2018,16,27,47
1190,44,15,213,0,,,,,,670,12,6,2018,16,27,48
1191,24,15,213,0,,,,,,670,12,6,2018,16,27,49
1192,17,15,213,1,,,,,,670,12,6,2018,16,27,50
1193,35,15,213,1,,,,,,670,12,6,2018,16,27,51
1194,37,15,213,1,,,,,,670,12,6,2018,16,27,52
1195,44,15,213,1,,,,,,670,12,6,2018,16,27,53
1196,61,15,213,1,89,2640,2442,1.0810810327529907,57,670,12,6,2018,16,27,54
1197,61,15,312,1,,,,,,670,12,6,2018,16,27,55
1198,64,16,312,1,,,,,,670,12,6,2018,16,27,56
1199,75,16,312,1,,,,,,670,12,6,2018,16,27,57
1200,64,16,312,1,,,,,,670,12,6,2018,16,27,58
1201,69,16,312,1,,,,,,670,12,6,2018,16,28,0
1202,60,16,312,1,,,,,,670,12,6,2018,16,28,1
1203,51,16,312,1,,,,,,670,12,6,2018,16,28,2
1204,54,16,312,1,,,,,,670,12,6,2018,16,28,3
1205,47,16,312,1,,,,,,670,12,6,2018,16,28,4
1206,48,16,312,1,,,,,,670,12,6,2018,16,28,5
1207,53,16,312,1,,,,,,670,12,6,2018,16,28,6
1208,44,16,312,0,,,,,,670,12,6,2018,16,28,7
1209,56,16,312,0,,,,,,670,12,6,2018,16,28,8
1210,53,16,312,1,,,,,,670,12,6,2018,16,28,9
1211,53,16,312,1,,,,,,670,12,6,2018,16,28,10
1212,60,16,312,1,,,,,,670,12,6,2018,16,28,11
1213,50,16,312,0,,,,,,670,12,6,2018,16,28,12
1214,47,16,312,0,,,,,,670,12,6,2018,16,28,13
1215,47,16,312,0,,,,,,670,12,6,2018,16,28,14
1216,53,16,312,0,,,,,,670,12,6,2018,16,28,15
1217,66,16,312,0,,,,,,670,12,6,2018,16,28,16
1218,77,16,312,0,,,,,,670,12,6,2018,16,28,17
1219,75,16,312,1,,,,,,670,12,6,2018,16,28,18
1220,70,16,312,0,,,,,,670,12,6,2018,16,28,19
1221,53,16,312,0,,,,,,670,12,6,2018,16,28,20
1222,51,16,312,1,,,,,,670,12,6,2018,16,28,21
1223,50,16,312,0,,,,,,670,12,6,2018,16,28,22
1224,44,16,312,0,,,,,,670,12,6,2018,16,28,23
1225,57,16,312,0,,,,,,670,12,6,2018,16,28,25
1226,64,16,312,0,,,,,,670,12,6,2018,16,28,26
1227,74,16,312,0,,,,,,670,12,6,2018,16,28,27
1228,81,16,312,0,,,,,,670,12,6,2018,16,28,28
1229,77,16,312,1,,,,,,670,12,6,2018,16,28,29
1230,77,16,312,1,,,,,,670,12,6,2018,16,28,30
1231,40,16,312,0,,,,,,670,12,6,2018,16,28,31
1232,40,16,312,0,,,,,,670,12,6,2018,16,28,32
1233,37,16,312,0,,,,,,670,12,6,2018,16,28,33
1234,51,16,312,0,,,,,,670,12,6,2018,16,28,34
1235,88,16,312,0,,,,,,670,12,6,2018,16,28,35
1236,87,16,312,0,,,,,,670,12,6,2018,16,28,36
1237,88,16,312,0,,,,,,670,12,6,2018,16,28,37
1238,100,16,312,0,,,,,,670,12,6,2018,16,28,38
1239,78,16,312,1,,,,,,670,12,6,2018,16,28,39
1240,90,16,312,1,,,,,,670,12,6,2018,16,28,40
1241,83,16,312,1,,,,,,670,12,6,2018,16,28,41
1242,63,16,312,0,,,,,,670,12,6,2018,16,28,42
1243,61,16,312,1,,,,,,670,12,6,2018,16,28,43
1244,53,16,312,1,,,,,,670,12,6,2018,16,28,44
1245,50,16,312,0,,,,,,670,12,6,2018,16,28,45
1246,56,16,312,0,,,,,,670,12,6,2018,16,28,46
1247,67,16,312,0,,,,,,670,12,6,2018,16,28,47
1248,66,16,312,1,,,,,,670,12,6,2018,16,28,48
1249,74,16,312,1,,,,,,670,12,6,2018,16,28,50
1250,70,16,312,1,,,,,,670,12,6,2018,16,28,51
1251,77,16,312,1,,,,,,670,12,6,2018,16,28,52
1252,70,16,312,0,,,,,,670,12,6,2018,16,28,53
1253,88,16,312,0,,,,,,670,12,6,2018,16,28,54
1254,63,16,312,0,,,,,,670,12,6,2018,16,28,55
1255,61,16,312,1,,,,,,670,12,6,2018,16,28,56
1256,57,16,312,1,,,,,,670,12,6,2018,16,28,57
1257,51,16,312,0,,,,,,670,12,6,2018,16,28,58
1258,67,16,312,0,,,,,,670,12,6,2018,16,28,59
1259,80,16,312,0,,,,,,670,12,6,2018,16,29,0
1260,78,16,312,0,,,,,,670,12,6,2018,16,29,1
1261,77,16,312,1,,,,,,670,12,6,2018,16,29,2
1262,66,16,312,1,,,,,,670,12,6,2018,16,29,3
1263,56,16,312,0,,,,,,670,12,6,2018,16,29,4
1264,54,16,312,1,,,,,,670,12,6,2018,16,29,5
1265,56,16,312,1,,,,,,670,12,6,2018,16,29,6
1266,60,16,312,1,,,,,,670,12,6,2018,16,29,7
1267,66,16,312,1,,,,,,670,12,6,2018,16,29,8
1268,53,16,312,1,,,,,,670,12,6,2018,16,29,9
1269,27,16,312,1,,,,,,670,12,6,2018,16,29,10
1270,24,16,312,0,,,,,,670,12,6,2018,16,29,11
1271,20,16,312,1,,,,,,670,12,6,2018,16,29,12
1272,21,16,312,1,,,,,,670,12,6,2018,16,29,13
1273,48,16,312,1,,,,,,670,12,6,2018,16,29,14
1274,53,16,312,1,,,,,,670,12,6,2018,16,29,15
1275,54,16,312,1,,,,,,670,12,6,2018,16,29,17
1276,77,16,312,1,,,,,,670,12,6,2018,16,29,18
1277,87,16,312,1,,,,,,670,12,6,2018,16,29,19
1278,83,16,312,0,,,,,,670,12,6,2018,16,29,20
1279,77,16,312,1,,,,,,670,12,6,2018,16,29,21
1280,67,16,312,1,,,,,,670,12,6,2018,16,29,22
1281,53,16,312,0,,,,,,670,12,6,2018,16,29,23
1282,54,16,312,0,,,,,,670,12,6,2018,16,29,24
1283,60,16,312,0,90,1182,1051,1.1246432065963745,25,670,12,6,2018,16,29,25
1284,61,16,213,0,,,,,,670,12,6,2018,16,29,26
1285,69,17,213,0,,,,,,670,12,6,2018,16,29,27
1286,66,17,213,1,,,,,,670,12,6,2018,16,29,28
1287,57,17,213,1,,,,,,670,12,6,2018,16,29,29
1288,57,17,213,1,,,,,,670,12,6,2018,16,29,30
1289,66,17,213,1,,,,,,670,12,6,2018,16,29,31
1290,87,17,213,1,,,,,,670,12,6,2018,16,29,32
1291,93,17,213,1,,,,,,670,12,6,2018,16,29,33
1292,94,17,213,1,,,,,,670,12,6,2018,16,29,34
1293,80,17,213,0,,,,,,670,12,6,2018,16,29,36
1294,70,17,213,0,,,,,,670,12,6,2018,16,29,37
1295,57,17,213,1,,,,,,670,12,6,2018,16,29,38
1296,51,17,213,1,,,,,,670,12,6,2018,16,29,39
1297,48,17,213,1,,,,,,670,12,6,2018,16,29,40
1298,56,17,213,1,,,,,,670,12,6,2018,16,29,41
1299,70,17,213,1,,,,,,670,12,6,2018,16,29,42
1300,74,17,213,1,,,,,,670,12,6,2018,16,29,43
1301,81,17,213,1,,,,,,670,12,6,2018,16,29,44
1302,80,17,213,1,,,,,,670,12,6,2018,16,29,45
1303,69,17,213,0,,,,,,670,12,6,2018,16,29,46
1304,69,17,213,0,,,,,,670,12,6,2018,16,29,47
1305,43,17,213,1,,,,,,670,12,6,2018,16,29,48
1306,47,17,213,1,,,,,,670,12,6,2018,16,29,49
1307,48,17,213,1,,,,,,670,12,6,2018,16,29,50
1308,51,17,213,1,,,,,,670,12,6,2018,16,29,51
1309,64,17,213,1,134,538,110,4.890909194946289,5,670,12,6,2018,16,29,52
1310,60,17,123,1,,,,,,670,12,6,2018,16,29,53
